SettlementPoint,Date,mean,min,max,std,vol
HB_BUSAVG,2016-01,19.209301075268822,5.12,54.69,5.485210390097427,0.13196148388613432
HB_BUSAVG,2016-02,15.288247126436788,1.79,50.98,5.77717217692724,0.1903866529599584
HB_BUSAVG,2016-03,16.755625841184376,1.22,64.31,7.3684968755391385,0.1913553527458918
HB_BUSAVG,2016-04,18.289347222222197,1.18,93.09,9.50614273208801,0.20219643160708706
HB_BUSAVG,2016-05,18.15958333333335,3.03,73.61,8.017220813376365,0.14128550820710162
HB_BUSAVG,2016-06,23.90981944444443,4.02,110.72,11.305436288586222,0.12740161783763956
HB_BUSAVG,2016-07,27.187473118279588,7.61,99.29,12.406065835499751,0.12499663124322828
HB_BUSAVG,2016-08,30.567137096774225,13.39,230.02,27.151558087844595,0.14957435694593313
HB_BUSAVG,2016-09,26.861750000000033,10.89,202.4,14.90429817289045,0.10685477097397102
HB_BUSAVG,2016-10,25.2048387096774,2.92,274.77,16.327119599882366,0.16734011066487078
HB_BUSAVG,2016-11,19.244902777777792,2.3,48.65,6.3781515532879896,0.1593141209182403
HB_BUSAVG,2016-12,25.31830645161287,2.72,139.42,11.10530329739922,0.18340940049356858
HB_BUSAVG,2017-01,23.25278225806453,1.94,96.28,7.471612705493786,0.1746716053164463
HB_BUSAVG,2017-02,20.1178273809524,3.56,52.7,6.5382785335119165,0.15123640583278947
HB_BUSAVG,2017-03,22.569892328398367,4.92,78.44,7.988595981559287,0.11877549603006467
HB_BUSAVG,2017-04,23.70508333333335,8.37,81.08,7.768482147422767,0.10464645344991436
HB_BUSAVG,2017-05,25.087352150537626,4.66,65.3,7.952691485425814,0.11735751371549667
HB_BUSAVG,2017-06,27.669152777777793,15.22,82.18,11.114801167073596,0.09395822029047271
HB_BUSAVG,2017-07,31.45427419354836,16.64,257.04,17.838848649545902,0.113835921044301
HB_BUSAVG,2017-08,27.50701612903228,16.62,88.75,10.898581913248776,0.08537823797648679
HB_BUSAVG,2017-09,24.18416666666669,8.38,59.02,7.923659778393277,0.09128615116654597
HB_BUSAVG,2017-10,23.563279569892487,3.07,97.54,10.300630159991819,0.13897076580256837
HB_BUSAVG,2017-11,22.677458333333327,4.28,83.65,8.310512675527976,0.14090929962139281
HB_BUSAVG,2017-12,21.187956989247333,5.82,55.67,5.193307565046884,0.12527536925288318
HB_BUSAVG,2018-01,37.86967741935482,5.83,1660.04,87.56361308118343,0.19393919493843673
HB_BUSAVG,2018-02,21.854315476190465,5.09,73.49,7.541317693617221,0.16535284883087134
HB_BUSAVG,2018-03,22.561978465679648,7.34,69.97,8.357991123600051,0.14136685396040138
HB_BUSAVG,2018-04,23.142958333333308,6.22,53.44,7.366768766336837,0.12378578501942171
HB_BUSAVG,2018-05,34.00524193548385,8.49,541.31,38.31447037060386,0.1916924372613934
HB_BUSAVG,2018-06,29.96612499999997,15.16,114.07,14.658058238847637,0.10629682357231705
HB_BUSAVG,2018-07,78.85944892473117,9.9,2061.99,233.36169591636283,0.3492989662883243
HB_BUSAVG,2018-08,31.661559139784913,12.71,149.91,18.572329132601745,0.1263253894936807
HB_BUSAVG,2018-09,27.17544444444446,14.59,88.96,10.510967505928202,0.08530106914285289
HB_BUSAVG,2018-10,29.95782258064515,10.32,95.21,10.169829781404724,0.104803669399286
HB_BUSAVG,2018-11,30.644499999999972,9.3,108.07,11.598420053307366,0.13508394266748766
HB_BUSAVG,2018-12,30.268185483870955,6.64,117.74,10.12306655686283,0.14765155239979352
HB_BUSAVG,2019-01,24.59256720430107,5.72,75.28,8.130355147669793,0.1408248820324826
HB_BUSAVG,2019-02,21.186369047619046,5.06,56.68,7.013010151618254,0.1524280366666021
HB_BUSAVG,2019-03,27.565720053835797,7.31,675.6,34.263891687476466,0.16875288259654803
HB_BUSAVG,2019-04,22.613180555555562,5.34,102.53,11.853101342168468,0.15350617602110964
HB_BUSAVG,2019-05,23.959932795698922,9.46,67.19,8.56029861498486,0.09752692206163294
HB_BUSAVG,2019-06,25.08554166666668,8.72,102.2,13.65156852566975,0.11612138058923198
HB_BUSAVG,2019-07,29.72962365591398,11.28,274.56,26.861157291822355,0.15498437869289497
HB_BUSAVG,2019-08,126.38408602150527,10.04,3499.84,401.206306600097,0.46950652211105115
HB_BUSAVG,2019-09,79.61562499999994,7.88,5008.32,380.21393107678983,0.32134255696684194
HB_BUSAVG,2019-10,28.247056451612934,6.39,851.45,53.26734427541532,0.20287307208662883
HB_BUSAVG,2019-11,23.46837500000001,3.26,203.7,14.6383935520287,0.20313058294235234
HB_BUSAVG,2019-12,18.715080645161272,3.74,59.84,6.744975917531292,0.15733912683646978
HB_HOUSTON,2016-01,19.565725806451617,5.19,54.55,5.648747381728994,0.13549554693231938
HB_HOUSTON,2016-02,15.464540229885062,2.1,50.75,5.811656068895288,0.18678494499218756
HB_HOUSTON,2016-03,17.12495289367428,1.36,72.32,7.704735965516086,0.18984644207837797
HB_HOUSTON,2016-04,18.940958333333334,1.26,99.0,10.265435546159956,0.203670651820753
HB_HOUSTON,2016-05,19.17408602150539,3.04,73.62,9.380178378071195,0.1490544324078385
HB_HOUSTON,2016-06,26.255736111111084,4.31,141.0,15.324347268547497,0.1423644081376379
HB_HOUSTON,2016-07,29.53892473118277,10.08,101.38,14.97887668089681,0.12477859007444135
HB_HOUSTON,2016-08,32.9725403225807,13.49,269.69,33.121781875193165,0.16015011853130043
HB_HOUSTON,2016-09,28.742416666666674,11.49,211.23,16.821039643259613,0.11515831404008017
HB_HOUSTON,2016-10,28.24955645161289,4.0,284.79,18.950819928980863,0.17187318704920396
HB_HOUSTON,2016-11,20.36593055555555,3.05,51.61,7.431234496542129,0.15944208429439086
HB_HOUSTON,2016-12,25.727661290322622,2.92,142.55,11.32320461530008,0.18387603003318415
HB_HOUSTON,2017-01,24.78185483870971,3.03,96.21,7.904352417097674,0.16798575566096063
HB_HOUSTON,2017-02,23.265714285714306,4.52,58.68,8.612319604347366,0.15084284253399538
HB_HOUSTON,2017-03,28.21329744279944,6.85,144.16,14.123950526156522,0.12743844242156702
HB_HOUSTON,2017-04,32.295736111111104,10.77,142.25,15.704205969482663,0.12675405231578077
HB_HOUSTON,2017-05,31.533172043010744,5.0,105.17,14.642110122789163,0.15403181460337645
HB_HOUSTON,2017-06,33.16834722222224,15.44,133.78,18.602049236314162,0.12456379658672975
HB_HOUSTON,2017-07,34.37583333333333,16.72,306.24,22.79316436937823,0.1300521884001332
HB_HOUSTON,2017-08,29.401720430107513,16.61,97.06,13.225864551440141,0.09398560359637124
HB_HOUSTON,2017-09,26.542944444444462,8.32,73.92,10.919633588905972,0.11042089824457751
HB_HOUSTON,2017-10,30.141236559139788,4.4,249.2,23.32571562686131,0.17633646450476448
HB_HOUSTON,2017-11,26.091055555555556,4.69,131.0,12.686734104963291,0.14692844698481947
HB_HOUSTON,2017-12,21.549005376344063,6.25,53.34,5.162866307722015,0.12466787942975359
HB_HOUSTON,2018-01,37.944784946236524,6.19,1637.34,86.01527890478582,0.19165418298817222
HB_HOUSTON,2018-02,22.16410714285716,5.1,72.11,7.347411911330587,0.1645692544167744
HB_HOUSTON,2018-03,23.782543741588132,8.01,71.01,8.968034089721382,0.1449615184172481
HB_HOUSTON,2018-04,24.652694444444446,8.4,58.92,7.83076413893887,0.12025052785262834
HB_HOUSTON,2018-05,34.14755376344084,8.43,530.4,37.10995493457376,0.1915356938596644
HB_HOUSTON,2018-06,30.628486111111098,15.81,116.02,14.938345448626661,0.10560711745004558
HB_HOUSTON,2018-07,79.03404569892474,9.95,2057.51,233.0001588834954,0.34874729066963034
HB_HOUSTON,2018-08,31.944247311827972,13.44,150.2,18.664125100987782,0.1242560756459681
HB_HOUSTON,2018-09,27.581361111111068,15.06,91.04,10.751295245972894,0.08456735367317327
HB_HOUSTON,2018-10,30.981935483870988,12.6,98.4,10.837428527252914,0.1007991596675399
HB_HOUSTON,2018-11,31.319236111111124,10.01,104.77,11.698294258876441,0.13108267214166677
HB_HOUSTON,2018-12,30.333548387096755,6.85,116.17,9.879054520195682,0.14725962448678215
HB_HOUSTON,2019-01,25.426034946236562,8.64,74.76,7.830863602989713,0.13027423009065348
HB_HOUSTON,2019-02,21.50781249999998,5.47,57.38,6.696868686204085,0.1490113029645882
HB_HOUSTON,2019-03,27.832032301480492,8.18,651.0,32.6440667231485,0.16719849323452995
HB_HOUSTON,2019-04,23.870652777777796,5.4,106.31,11.999629838588161,0.15222339221819065
HB_HOUSTON,2019-05,24.794274193548365,9.59,67.67,8.953671879096621,0.09816007999850053
HB_HOUSTON,2019-06,26.897680555555574,9.93,111.16,15.45380888124825,0.11868226839880675
HB_HOUSTON,2019-07,29.91100806451612,11.34,274.33,26.800292086352297,0.1545025442875387
HB_HOUSTON,2019-08,126.62533602150543,10.32,3499.86,401.44106407825956,0.4676613002153782
HB_HOUSTON,2019-09,80.5876527777777,7.97,5011.16,380.54306782069784,0.32126867290112515
HB_HOUSTON,2019-10,30.393602150537653,9.65,870.3,55.088593142405244,0.1901732870756924
HB_HOUSTON,2019-11,24.0215,3.79,198.8,14.300458495621022,0.1971036913916666
HB_HOUSTON,2019-12,18.67249999999999,3.8,59.43,6.622055581247458,0.15614692121068957
HB_HUBAVG,2016-01,19.25869623655914,5.13,54.53,5.512316838236009,0.13257413876321228
HB_HUBAVG,2016-02,15.269252873563223,1.52,50.9,5.8125925333696475,0.19598665548997915
HB_HUBAVG,2016-03,16.654347240915186,1.05,65.81,7.426260850084181,0.19530266724906845
HB_HUBAVG,2016-04,18.16686111111111,1.07,94.38,9.5742841350331,0.20595819121712344
HB_HUBAVG,2016-05,18.247002688172035,2.64,73.06,8.214961649765995,0.14636522893465095
HB_HUBAVG,2016-06,24.297847222222227,4.15,115.88,11.861734726158792,0.1288213955133099
HB_HUBAVG,2016-07,27.459206989247352,5.86,99.3,12.79373708196216,0.13226472669538217
HB_HUBAVG,2016-08,30.948534946236535,13.39,232.88,28.067207749952498,0.15098349467568176
HB_HUBAVG,2016-09,27.188138888888897,10.99,203.88,15.164137746107043,0.10768820938352017
HB_HUBAVG,2016-10,25.769059139784947,2.96,277.51,16.816964578457856,0.16832293871402385
HB_HUBAVG,2016-11,19.489305555555553,2.37,49.27,6.544536122879051,0.15919108210002678
HB_HUBAVG,2016-12,25.36259408602154,2.34,139.98,11.198097445441178,0.18750068895731176
HB_HUBAVG,2017-01,23.325551075268802,1.84,96.27,7.577709890137235,0.1786116772742486
HB_HUBAVG,2017-02,20.352127976190452,2.34,53.19,7.066815784413839,0.16853249901640874
HB_HUBAVG,2017-03,23.233230148048435,4.36,87.72,8.870794538909283,0.12526204239799765
HB_HUBAVG,2017-04,24.830486111111128,8.6,91.68,8.938620642163293,0.10923833442892256
HB_HUBAVG,2017-05,25.905026881720417,4.18,65.97,8.793912445332902,0.1269549421956464
HB_HUBAVG,2017-06,28.513847222222214,14.64,88.26,12.215149025157544,0.10008947374666675
HB_HUBAVG,2017-07,31.864408602150526,16.7,263.26,18.501171755106704,0.11620308233501878
HB_HUBAVG,2017-08,27.83861559139788,16.62,90.23,11.254765012949619,0.08668415096630273
HB_HUBAVG,2017-09,24.51969444444443,8.4,61.96,8.268483617032992,0.0932440773356433
HB_HUBAVG,2017-10,24.701451612903266,3.48,109.91,12.053085676988312,0.14283333696039713
HB_HUBAVG,2017-11,23.16713888888889,3.68,91.6,8.902537112871348,0.1442883461214247
HB_HUBAVG,2017-12,21.209852150537618,4.55,56.06,5.336605259728782,0.13213948021232821
HB_HUBAVG,2018-01,37.77303763440862,5.24,1658.38,87.50519670270869,0.19663610779734442
HB_HUBAVG,2018-02,21.83005952380953,4.2,73.4,7.607576739110761,0.17119126844717045
HB_HUBAVG,2018-03,22.40343203230148,6.13,69.98,8.604464627194634,0.14907028457637428
HB_HUBAVG,2018-04,22.450305555555552,4.42,53.51,7.83802657218534,0.13680234586667656
HB_HUBAVG,2018-05,32.83485215053763,7.13,536.14,37.75765213475435,0.19725268092312304
HB_HUBAVG,2018-06,29.781861111111088,14.66,113.13,14.418706406790358,0.10663758689213662
HB_HUBAVG,2018-07,78.83232526881713,9.95,2061.56,233.32551272329204,0.34925460861509194
HB_HUBAVG,2018-08,31.69458333333332,12.87,149.94,18.56014531660236,0.1258512188735313
HB_HUBAVG,2018-09,27.05302777777778,14.75,88.41,10.301125773944909,0.08416426770741124
HB_HUBAVG,2018-10,29.889112903225822,9.98,95.61,10.16597231064904,0.10546660287190224
HB_HUBAVG,2018-11,30.277208333333338,8.42,105.98,11.820105869491803,0.13868620417734207
HB_HUBAVG,2018-12,30.191989247311827,6.45,117.99,10.318657868630194,0.14955811079284337
HB_HUBAVG,2019-01,24.68340053763441,5.59,75.44,8.210358990110418,0.14193710770412343
HB_HUBAVG,2019-02,21.250639880952367,4.85,56.86,7.073012164577062,0.15457856167346007
HB_HUBAVG,2019-03,27.189030955585476,5.95,674.86,34.35972336363794,0.17567616848242557
HB_HUBAVG,2019-04,22.221166666666647,4.4,103.18,12.112938760854043,0.16206315296393872
HB_HUBAVG,2019-05,23.88376344086022,9.03,67.33,8.577879707268165,0.09926451592748745
HB_HUBAVG,2019-06,25.17154166666668,8.6,102.85,13.788867563759185,0.11689966204752339
HB_HUBAVG,2019-07,29.69623655913976,11.28,274.53,26.839811239624773,0.15481288198479065
HB_HUBAVG,2019-08,126.34983870967757,9.9,3499.49,401.1272589683441,0.47003616057877773
HB_HUBAVG,2019-09,79.4591944444445,7.89,5008.13,380.17390025920105,0.3214847824015367
HB_HUBAVG,2019-10,28.131760752688177,6.05,851.39,53.41738394626547,0.20401032210162776
HB_HUBAVG,2019-11,23.2572361111111,2.91,201.15,14.540368868864505,0.20640208890251815
HB_HUBAVG,2019-12,18.623373655914005,3.49,60.41,6.7524925293938995,0.15869333477556755
HB_NORTH,2016-01,19.133306451612892,5.09,55.56,5.465482000164041,0.1312729475550534
HB_NORTH,2016-02,15.292658045977005,2.0,51.26,5.74195344177428,0.18614591010185882
HB_NORTH,2016-03,16.859367429340523,1.46,60.79,7.259944346713295,0.18673893391971927
HB_NORTH,2016-04,18.350666666666676,1.3,90.11,9.314117201804844,0.19875756577988005
HB_NORTH,2016-05,17.905631720430126,3.55,74.68,7.666826119704721,0.13534939045477992
HB_NORTH,2016-06,23.15805555555555,3.64,101.0,10.378440279708142,0.12669598554661923
HB_NORTH,2016-07,26.8007930107527,9.02,98.94,11.667287327521292,0.11891660767002936
HB_NORTH,2016-08,29.82838709677418,13.37,223.94,25.42722386892387,0.1478711425650267
HB_NORTH,2016-09,26.249180555555544,10.7,200.0,14.525627155172396,0.10634068157006726
HB_NORTH,2016-10,24.005255376344078,2.71,269.05,15.39033252830277,0.1687173078087963
HB_NORTH,2016-11,18.66488888888888,1.92,47.62,6.101731530063148,0.16468629455996822
HB_NORTH,2016-12,25.149045698924702,3.17,138.12,10.941741566558264,0.17959048317032325
HB_NORTH,2017-01,22.991854838709685,2.02,96.37,7.400329722413335,0.1718802280554821
HB_NORTH,2017-02,19.4481994047619,4.77,51.8,5.934393190161843,0.1394241693476856
HB_NORTH,2017-03,21.227779273216694,5.46,63.71,6.777892002262999,0.115028351405042
HB_NORTH,2017-04,21.41055555555557,7.16,61.79,6.244917842248716,0.10643880169759068
HB_NORTH,2017-05,23.41991935483871,5.2,62.98,6.722616735124594,0.1082599830351608
HB_NORTH,2017-06,25.890569444444427,15.33,70.82,9.048123147849383,0.08619602351357716
HB_NORTH,2017-07,30.65431451612902,16.47,244.42,16.651010261624048,0.11012071474602042
HB_NORTH,2017-08,26.832728494623666,16.61,85.93,10.255855876488056,0.08354438105794583
HB_NORTH,2017-09,23.346111111111103,8.29,54.32,7.261250913423439,0.08902729752976772
HB_NORTH,2017-10,21.405900537634427,1.88,75.0,7.791168430578755,0.14409630963796638
HB_NORTH,2017-11,21.59620833333333,3.19,69.49,7.568659608784378,0.15234519684624342
HB_NORTH,2017-12,20.952997311827954,6.18,53.18,4.987721615378066,0.12330955333148144
HB_NORTH,2018-01,37.5859005376344,6.24,1659.26,87.45206198148668,0.19326813837818793
HB_NORTH,2018-02,21.767023809523774,6.39,73.33,7.452917156357079,0.1584609061620187
HB_NORTH,2018-03,22.608008075370122,8.57,69.87,8.21725986194599,0.13669438143975518
HB_NORTH,2018-04,23.522916666666667,8.06,52.98,7.026932638200543,0.11514059705795418
HB_NORTH,2018-05,35.3061424731183,9.32,550.83,39.463383345482974,0.19006895589015124
HB_NORTH,2018-06,30.21188888888888,15.35,115.08,15.084811187253612,0.10730749432506761
HB_NORTH,2018-07,78.96845430107523,9.79,2063.87,233.55245524774713,0.34923417420850367
HB_NORTH,2018-08,31.603051075268784,12.0,150.0,18.64059523762587,0.12829442931500037
HB_NORTH,2018-09,27.299638888888918,14.02,89.78,10.928677673760701,0.08772040850955641
HB_NORTH,2018-10,30.03416666666664,9.57,95.0,10.33496704657282,0.10791933013027313
HB_NORTH,2018-11,31.234888888888918,9.38,114.35,11.596295053094753,0.13605798301092412
HB_NORTH,2018-12,30.39826612903227,6.96,117.3,9.91945214748273,0.1454741034913421
HB_NORTH,2019-01,24.33263440860215,5.41,75.1,8.21323557082118,0.14246673009115993
HB_NORTH,2019-02,20.864955357142883,4.48,56.39,7.018780915655388,0.15587220723922943
HB_NORTH,2019-03,28.103714670255727,8.95,676.5,34.155593973165146,0.16217254861501457
HB_NORTH,2019-04,22.99740277777778,5.53,100.8,11.622436364291056,0.15066855613507438
HB_NORTH,2019-05,23.97888440860211,9.96,67.3,8.688466045637169,0.09704918610935936
HB_NORTH,2019-06,25.175819444444464,8.17,101.27,13.602406822767914,0.11781310727310192
HB_NORTH,2019-07,29.781290322580663,11.22,274.65,26.916675138030303,0.15555900707162362
HB_NORTH,2019-08,126.52185483870967,10.0,3500.92,401.5181039277685,0.4692268302079823
HB_NORTH,2019-09,79.91958333333324,7.81,5010.22,380.5384254197814,0.32147569980785545
HB_NORTH,2019-10,27.995967741935484,6.11,853.71,53.323601612869346,0.2071169483463454
HB_NORTH,2019-11,23.628611111111105,3.49,212.85,15.121341806879704,0.20324282837338611
HB_NORTH,2019-12,18.7319892473118,4.01,59.75,6.8066040348398555,0.15725472760294265
HB_PAN,2019-04,16.54876666666666,-19.01,99.64,14.2276819511024,0.3824777504402623
HB_PAN,2019-05,16.414327956989226,-15.06,67.69,13.544792459757312,0.3399341557046383
HB_PAN,2019-06,20.731319444444456,-11.58,100.06,15.826254741623815,0.36666599631011704
HB_PAN,2019-07,28.384569892473117,0.5,274.16,27.365120579124945,0.23213707513103396
HB_PAN,2019-08,124.9917338709677,-9.99,3497.75,401.4976278928487,0.5636566524613947
HB_PAN,2019-09,72.85329166666678,-14.97,5010.1,381.5470467094595,0.4380884214397736
HB_PAN,2019-10,18.71676075268816,-20.69,843.05,54.79572759540508,0.3314210876322014
HB_PAN,2019-11,11.661291666666664,-29.98,211.43,21.725598922420964,0.3975559104697623
HB_PAN,2019-12,8.81724462365592,-27.84,60.3,16.045190188916138,0.3661342872476
HB_SOUTH,2016-01,19.210053763440854,5.18,54.4,5.458224904565116,0.13200139191260207
HB_SOUTH,2016-02,15.333591954022989,2.02,50.25,5.7663100204519,0.1870901012584755
HB_SOUTH,2016-03,16.763109017496653,1.0,69.59,7.562570221381643,0.19686921250541403
HB_SOUTH,2016-04,18.51290277777777,1.17,99.0,9.962189284750316,0.20434569019005216
HB_SOUTH,2016-05,18.570456989247315,2.77,71.92,8.661368325580218,0.14856512943556624
HB_SOUTH,2016-06,24.645374999999984,4.93,119.5,11.984516256441232,0.1297965811453101
HB_SOUTH,2016-07,26.960255376344076,-27.74,100.15,14.223926454532691,0.35154789929064184
HB_SOUTH,2016-08,31.20797043010751,13.44,237.08,28.706992658650872,0.15137991572090956
HB_SOUTH,2016-09,27.405569444444456,11.08,203.25,15.053059746843536,0.10747751540136447
HB_SOUTH,2016-10,26.68966397849464,3.43,282.46,17.671567723574377,0.16743759761834795
HB_SOUTH,2016-11,20.14883333333334,3.2,49.27,6.918300399465624,0.15086974915640736
HB_SOUTH,2016-12,25.708991935483862,2.72,141.49,11.367082161043971,0.1843624417207151
HB_SOUTH,2017-01,23.624811827956986,1.89,96.01,7.57572420780704,0.17705170893391228
HB_SOUTH,2017-02,21.079360119047603,3.29,53.41,7.134705341168079,0.15721856442826962
HB_SOUTH,2017-03,23.680753701211305,5.02,78.22,8.666648996123275,0.12030785533691747
HB_SOUTH,2017-04,25.6094027777778,8.88,94.72,9.029660940162131,0.10681685243575544
HB_SOUTH,2017-05,26.49501344086023,4.73,68.65,9.192251989315869,0.12546321493747978
HB_SOUTH,2017-06,29.65469444444443,15.39,98.22,13.388315766817485,0.10291912789016622
HB_SOUTH,2017-07,32.12946236559143,17.07,268.53,18.901360436732638,0.1170715259698543
HB_SOUTH,2017-08,28.315026881720453,16.63,91.52,11.581170602149864,0.08795751491544666
HB_SOUTH,2017-09,25.51509722222224,8.68,68.76,8.80110904577357,0.09466270960072996
HB_SOUTH,2017-10,25.56365591397848,4.63,113.12,11.44361036169302,0.1317195997452938
HB_SOUTH,2017-11,23.97718055555557,5.09,92.56,8.78721189423411,0.13271367399046807
HB_SOUTH,2017-12,21.99791666666665,5.73,64.46,5.585505404189783,0.12677507114666867
HB_SOUTH,2018-01,39.498145161290296,6.01,1675.95,88.67166127106847,0.19214110662093908
HB_SOUTH,2018-02,22.306398809523813,4.08,74.89,7.79764172813144,0.1731228424484965
HB_SOUTH,2018-03,22.888452220726812,7.37,70.15,7.990134982283654,0.13693378256562846
HB_SOUTH,2018-04,24.471888888888902,7.06,54.92,7.698613356269686,0.12186340325907964
HB_SOUTH,2018-05,34.2260752688172,9.67,531.39,37.16877772907253,0.1862395302769025
HB_SOUTH,2018-06,30.068638888888913,16.07,114.49,13.978537296864102,0.10244540580763221
HB_SOUTH,2018-07,78.8473790322581,10.07,2058.15,232.88427198288306,0.34907370941591254
HB_SOUTH,2018-08,31.66752688172045,14.7,149.28,18.317685981494463,0.12150594527692686
HB_SOUTH,2018-09,27.189805555555555,15.64,87.78,10.218478841636117,0.08247436841111841
HB_SOUTH,2018-10,29.772513440860244,14.49,93.43,9.64719083372576,0.09421307431710636
HB_SOUTH,2018-11,29.837180555555587,9.46,104.24,11.00220515110967,0.13154124852998283
HB_SOUTH,2018-12,30.089301075268807,6.18,118.6,10.294004189647124,0.15038700959253454
HB_SOUTH,2019-01,25.086061827956964,7.0,74.19,7.6801022348683246,0.1346815074725289
HB_SOUTH,2019-02,22.125639880952377,5.75,58.75,6.9867171532494465,0.14723626801429662
HB_SOUTH,2019-03,27.13555854643338,6.63,685.53,34.99492019245869,0.1728525222776282
HB_SOUTH,2019-04,22.463333333333342,4.21,105.56,11.908119073175158,0.16422910900981272
HB_SOUTH,2019-05,24.059946236559167,9.4,66.0,8.27667734565329,0.09657026342991575
HB_SOUTH,2019-06,23.904361111111104,10.55,104.57,12.982437741673445,0.11010418511889299
HB_SOUTH,2019-07,29.637500000000028,11.46,274.37,26.766762447821165,0.15403806582652815
HB_SOUTH,2019-08,125.93654569892459,10.49,3497.19,400.26523323143147,0.4698828194484461
HB_SOUTH,2019-09,78.90047222222212,8.03,5000.73,379.0236350930703,0.32381454745991467
HB_SOUTH,2019-10,29.468400537634416,8.4,838.47,52.06511827553334,0.1918701563376586
HB_SOUTH,2019-11,23.718555555555533,3.95,181.03,13.49769054050982,0.19332649763867238
HB_SOUTH,2019-12,18.95251344086021,3.58,69.69,6.6568324729686905,0.15640598253560692
HB_WEST,2016-01,19.126559139784952,4.84,55.96,5.552808074476872,0.13350177348048128
HB_WEST,2016-02,14.988663793103447,-0.61,51.36,6.017304549324414,0.3359319838057849
HB_WEST,2016-03,15.871668909825038,0.38,60.57,7.381010286160654,0.2215436957388483
HB_WEST,2016-04,16.86274999999999,-0.05,90.43,9.270893627043183,0.30940228428609373
HB_WEST,2016-05,17.337674731182776,1.06,71.97,7.6485506924426705,0.17162947852170068
HB_WEST,2016-06,23.141930555555533,3.73,102.08,10.286637497767172,0.1257118904529573
HB_WEST,2016-07,26.543561827957014,9.03,96.73,11.548332657215814,0.11872365517035183
HB_WEST,2016-08,29.786733870967733,13.26,224.54,25.374168289237264,0.14849362673516134
HB_WEST,2016-09,26.354250000000036,10.68,201.03,14.581646674593976,0.1059369161293072
HB_WEST,2016-10,24.113938172042996,1.58,273.75,15.805819181603836,0.18004284848354482
HB_WEST,2016-11,18.778416666666644,0.8,48.69,6.2965959405148855,0.1847071541174379
HB_WEST,2016-12,24.86266129032258,0.26,137.73,11.297255966368269,0.22545450834204853
HB_WEST,2017-01,21.901720430107524,-0.4,96.47,8.32926136477326,0.31424994422517116
HB_WEST,2017-02,17.616681547619056,-4.3,52.13,8.353607598538456,0.32992948886054857
HB_WEST,2017-03,19.813593539703888,-0.05,64.77,8.285855409811552,0.3616687601086302
HB_WEST,2017-04,19.996097222222236,-0.95,67.92,8.11548532087369,0.3083176591234445
HB_WEST,2017-05,22.166612903225815,1.2,53.75,6.960570769950846,0.16806161203201075
HB_WEST,2017-06,25.331694444444455,11.13,73.8,8.688395241214737,0.09581078016910119
HB_WEST,2017-07,30.29364247311829,16.53,233.81,16.11667038729388,0.11021285141642606
HB_WEST,2017-08,26.817043010752666,16.63,86.37,10.236244257218408,0.08443064256126637
HB_WEST,2017-09,22.678819444444443,8.32,54.25,6.8312186814572975,0.08686584320625734
HB_WEST,2017-10,21.693830645161306,1.84,70.17,8.016050770997202,0.14761904335987144
HB_WEST,2017-11,21.00179166666666,-0.09,73.34,8.32403636148698,0.3016860470333436
HB_WEST,2017-12,20.33803763440862,-2.28,53.28,6.117314012983186,0.29127452602181386
HB_WEST,2018-01,36.051639784946275,0.21,1661.14,87.99336444454858,0.2698128955908908
HB_WEST,2018-02,21.087604166666658,1.05,73.33,8.123562208468398,0.21439923666586266
HB_WEST,2018-03,20.3336204576043,-0.62,69.7,9.999361985102984,0.3804477836722555
HB_WEST,2018-04,17.156625000000005,-5.98,52.8,11.163072038103396,0.31903336120438003
HB_WEST,2018-05,27.692016129032254,-4.56,531.53,38.012729453510666,0.3616794866039834
HB_WEST,2018-06,28.277027777777782,7.12,107.0,13.839546440320065,0.12982086244178384
HB_WEST,2018-07,78.51755376344079,9.71,2066.82,233.8698555236982,0.35082067039933873
HB_WEST,2018-08,31.560120967741923,10.83,150.33,18.630238668683322,0.13119913332081126
HB_WEST,2018-09,26.139597222222196,7.07,85.07,10.069532088024678,0.10035777117514029
HB_WEST,2018-10,28.76133064516124,2.39,95.58,10.315092209880277,0.13783814238842376
HB_WEST,2018-11,28.715250000000026,1.04,115.67,13.658234997523149,0.2153858658598582
HB_WEST,2018-12,29.9440053763441,0.0,119.86,11.72860467043923,0.3117093284204006
HB_WEST,2019-01,23.881545698924697,0.63,75.83,9.684645248889197,0.20036527546787794
HB_WEST,2019-02,20.491160714285716,3.1,57.22,7.910899373907349,0.1829523995323752
HB_WEST,2019-03,25.66967698519515,-0.28,686.52,35.93572452588236,0.3812907867772953
HB_WEST,2019-04,19.551875000000013,-0.3,100.0,13.864652786735464,0.4303480978644674
HB_WEST,2019-05,22.70266129032257,4.5,68.36,9.238910469478997,0.13617459004906257
HB_WEST,2019-06,24.708555555555577,5.04,100.16,13.521785003357369,0.13218361089937591
HB_WEST,2019-07,29.455470430107532,11.03,274.78,26.906843611925105,0.1559662856324735
HB_WEST,2019-08,126.31528225806449,8.11,3500.0,401.28897897394313,0.4765012945384316
HB_WEST,2019-09,78.42925000000012,5.57,5010.39,380.6181047605084,0.3314687337100092
HB_WEST,2019-10,24.668131720430107,-1.42,843.07,53.57664233513765,0.37036239036390606
HB_WEST,2019-11,21.66026388888888,0.08,211.91,15.695236507495906,0.2970444677708125
HB_WEST,2019-12,18.136424731182792,2.15,60.71,7.188677044101668,0.17638872722421572
LZ_AEN,2016-01,19.324663978494627,5.35,55.02,5.499657950454568,0.13111485929296482
LZ_AEN,2016-02,15.448290229885073,2.24,51.51,5.742451493814367,0.18209594396305542
LZ_AEN,2016-03,16.855074024226113,1.32,65.27,7.360407832780968,0.19003045414684358
LZ_AEN,2016-04,18.25606944444444,1.17,88.34,9.345574036423614,0.20232002583408992
LZ_AEN,2016-05,18.12490591397849,2.8,76.57,7.977659806006316,0.14352114047531705
LZ_AEN,2016-06,24.2375138888889,8.23,110.8,11.583286461242347,0.11068269687088399
LZ_AEN,2016-07,27.976102150537606,9.29,98.6,12.613121790972764,0.11799095230922134
LZ_AEN,2016-08,30.699516129032325,13.61,235.36,26.827298867070184,0.14750328619156738
LZ_AEN,2016-09,26.710861111111146,11.13,200.12,14.465315413858342,0.10529433243289643
LZ_AEN,2016-10,25.622903225806493,3.29,274.56,16.099709573675717,0.1622766616910516
LZ_AEN,2016-11,19.640041666666637,3.74,48.6,6.210652441851587,0.14538193607965075
LZ_AEN,2016-12,25.870174731182786,3.21,136.8,11.452260949599372,0.18022262058828864
LZ_AEN,2017-01,23.40447580645163,1.92,95.99,7.539809858297436,0.17670925659078898
LZ_AEN,2017-02,20.605327380952374,3.45,52.96,6.758118121814653,0.15350353363725489
LZ_AEN,2017-03,22.99701211305518,4.9,67.99,7.932145538218253,0.11796894118744788
LZ_AEN,2017-04,24.118083333333328,8.94,85.65,8.00866968988415,0.10335364615240836
LZ_AEN,2017-05,25.293844086021508,4.9,66.94,8.173940241146436,0.1193775602424978
LZ_AEN,2017-06,27.91663888888888,15.47,84.47,11.335981832091656,0.09469762122138964
LZ_AEN,2017-07,31.40143817204301,16.95,257.95,17.939957768598738,0.11413662486259873
LZ_AEN,2017-08,27.465618279569895,16.63,88.71,10.953641559437658,0.08592695579913026
LZ_AEN,2017-09,24.628805555555562,8.82,60.58,8.027509687575208,0.09102762164477896
LZ_AEN,2017-10,24.01990591397848,5.24,102.26,10.015021859408664,0.12327899983365975
LZ_AEN,2017-11,23.019444444444446,3.63,86.69,8.471820948161964,0.1445542441394025
LZ_AEN,2017-12,21.062930107526874,5.06,55.3,5.323136125738605,0.13127944177636403
LZ_AEN,2018-01,38.83798387096776,6.03,1661.37,87.54376856158714,0.1922618587324685
LZ_AEN,2018-02,21.913883928571398,4.55,74.11,7.665640874662357,0.1709131964465915
LZ_AEN,2018-03,22.202826379542397,5.26,70.37,8.593805694422064,0.15475847936438047
LZ_AEN,2018-04,22.18848611111112,4.79,51.24,7.528445920846945,0.1347181663182323
LZ_AEN,2018-05,33.166169354838736,6.86,529.23,36.911966600382534,0.19590284160178842
LZ_AEN,2018-06,30.28612499999999,15.91,114.74,14.409428284606612,0.10367601403521631
LZ_AEN,2018-07,78.95137096774195,10.02,2060.9,233.0913438525897,0.3487562314390116
LZ_AEN,2018-08,31.732137096774153,13.9,149.54,18.459470882953873,0.12329670963019938
LZ_AEN,2018-09,27.16730555555553,15.15,88.03,10.29074779048212,0.08323430676897317
LZ_AEN,2018-10,30.310000000000006,12.77,96.35,10.204651355469025,0.09919913729969015
LZ_AEN,2018-11,30.468083333333325,8.65,106.64,11.762673463238775,0.13872597824157776
LZ_AEN,2018-12,30.094758064516125,6.57,117.25,10.177423696802727,0.14926161400793106
LZ_AEN,2019-01,25.107956989247317,6.75,76.2,7.957236317830315,0.13663260486306728
LZ_AEN,2019-02,21.51380952380956,5.46,57.06,6.768265769861138,0.1481600574242003
LZ_AEN,2019-03,27.74218034993274,7.11,685.8,34.68487401643779,0.17114306952022199
LZ_AEN,2019-04,23.270347222222245,4.63,106.86,12.494342464514741,0.15934274746250793
LZ_AEN,2019-05,24.676236559139774,9.12,68.42,8.730179494173772,0.09754765134085884
LZ_AEN,2019-06,24.416791666666676,10.2,101.71,12.944277307181563,0.10938295069850502
LZ_AEN,2019-07,29.709086021505378,11.37,274.59,26.80367156552104,0.1544511484575714
LZ_AEN,2019-08,126.52692204301066,10.34,3500.89,401.46034312338026,0.4682930168934653
LZ_AEN,2019-09,80.16959722222228,7.88,5010.17,380.27675207770625,0.3211018553847015
LZ_AEN,2019-10,29.280443548387094,8.07,844.89,52.951009092061724,0.1971466792570666
LZ_AEN,2019-11,24.408013888888913,3.77,209.08,14.919535273175903,0.19713530167742738
LZ_AEN,2019-12,19.05170698924731,3.76,59.87,6.607973845847707,0.15312781245242538
LZ_CPS,2016-01,19.3538440860215,5.28,56.19,5.548379633953354,0.13226775771281596
LZ_CPS,2016-02,15.520014367816108,2.16,52.06,5.806936573951362,0.18391591341676486
LZ_CPS,2016-03,16.898183041722756,1.31,68.18,7.47878001199382,0.19013665753060704
LZ_CPS,2016-04,19.069361111111103,1.14,114.4,11.09388292060383,0.2059478296074818
LZ_CPS,2016-05,18.479865591397857,2.77,72.34,8.10097509928891,0.14273816113267468
LZ_CPS,2016-06,24.958069444444472,5.22,109.62,11.206274234574298,0.124536557216164
LZ_CPS,2016-07,27.967956989247316,9.4,97.14,12.727757359220309,0.11940288733569515
LZ_CPS,2016-08,31.30657258064518,13.43,235.47,28.075727181019573,0.15090831361166754
LZ_CPS,2016-09,28.130249999999958,11.0,204.18,15.534595093591456,0.10906672769499003
LZ_CPS,2016-10,26.250295698924717,3.38,280.2,16.828943828520792,0.16424363791775484
LZ_CPS,2016-11,21.71466666666668,2.87,59.5,8.848424650970042,0.16351261848138324
LZ_CPS,2016-12,26.596424731182818,2.69,142.19,12.326364520863034,0.18752827286866816
LZ_CPS,2017-01,23.772567204301065,1.99,102.73,8.26379536642796,0.18513135451369042
LZ_CPS,2017-02,20.919479166666655,3.01,53.54,7.090201201766597,0.16019317235005257
LZ_CPS,2017-03,23.861547779273234,5.34,81.08,8.771604235406782,0.11917501042465418
LZ_CPS,2017-04,25.337902777777774,9.76,94.38,8.85649981983204,0.10373168733773852
LZ_CPS,2017-05,26.537029569892443,4.61,69.09,9.174435818693066,0.12422216191731485
LZ_CPS,2017-06,30.41599999999999,15.28,99.32,13.078528214227617,0.11073339732876307
LZ_CPS,2017-07,32.1152956989247,17.13,264.71,18.55076747930554,0.11557499233820635
LZ_CPS,2017-08,28.13756720430108,16.64,90.66,11.296724158422816,0.08752117915147223
LZ_CPS,2017-09,25.136652777777797,8.6,63.5,8.524027533209782,0.09316049491703533
LZ_CPS,2017-10,25.275954301075267,4.53,107.6,11.06720987806424,0.13165040487449273
LZ_CPS,2017-11,23.572569444444426,4.01,90.5,8.736653333481904,0.14088053322196886
LZ_CPS,2017-12,22.04837365591397,5.38,102.48,6.83774729459706,0.1369557405172385
LZ_CPS,2018-01,41.312876344086014,6.06,1708.38,91.99257259535402,0.19728976620210065
LZ_CPS,2018-02,22.517395833333318,4.64,74.85,7.7252541851127825,0.16889430971487523
LZ_CPS,2018-03,25.289273216689107,8.33,236.9,12.256999463947707,0.17308729568792258
LZ_CPS,2018-04,26.535375000000013,9.16,60.9,8.45587669985867,0.12267068063792282
LZ_CPS,2018-05,36.05559139784947,9.53,531.71,37.301645970556905,0.18611913596369184
LZ_CPS,2018-06,30.727277777777783,16.27,114.42,14.186371060728066,0.10131054217357219
LZ_CPS,2018-07,79.12443548387105,10.09,2059.23,232.95766854170333,0.3481427210351654
LZ_CPS,2018-08,31.865685483871015,15.14,149.75,18.407107090852413,0.12031798204637366
LZ_CPS,2018-09,27.512986111111136,15.22,89.04,10.398470471661472,0.08324076533669189
LZ_CPS,2018-10,31.635967741935485,16.83,97.46,11.247464610562181,0.09454318156512953
LZ_CPS,2018-11,32.041208333333316,10.5,109.16,12.324589758862956,0.1374871776268161
LZ_CPS,2018-12,30.309220430107572,6.4,119.92,10.454818175329743,0.15024770613845626
LZ_CPS,2019-01,26.798333333333357,10.55,82.89,8.14995123661879,0.1253336274160024
LZ_CPS,2019-02,24.11011904761902,6.02,86.42,9.27527395769405,0.1580940217828549
LZ_CPS,2019-03,29.351695827725433,6.47,725.84,38.72171315807926,0.17369257393445298
LZ_CPS,2019-04,25.363597222222218,4.99,114.28,14.197624670731082,0.16969943693175948
LZ_CPS,2019-05,26.246075268817183,9.35,80.88,9.843087957448548,0.10408747428018873
LZ_CPS,2019-06,26.391291666666703,11.52,155.41,16.042464498165344,0.12557663219153045
LZ_CPS,2019-07,30.667177419354825,11.52,276.56,27.077730478200017,0.15231189137900034
LZ_CPS,2019-08,127.69620967741939,10.84,3504.12,401.51364143554434,0.463305849098213
LZ_CPS,2019-09,82.43634722222212,8.39,5011.57,379.89610596154716,0.31639311537074377
LZ_CPS,2019-10,33.553602150537664,9.08,846.37,53.66086954681067,0.18875647125813122
LZ_CPS,2019-11,25.57513888888891,4.88,213.22,15.155541121465735,0.18694176846090513
LZ_CPS,2019-12,19.997862903225816,3.86,104.42,7.934246324652639,0.15973143249325633
LZ_HOUSTON,2016-01,19.563938172043017,5.19,54.94,5.6546752606172,0.13544133066641112
LZ_HOUSTON,2016-02,15.487988505747138,2.1,50.75,5.820989036078069,0.1867157678182606
LZ_HOUSTON,2016-03,17.206729475100946,1.35,73.24,7.805246227333591,0.19008608134092017
LZ_HOUSTON,2016-04,19.128930555555566,1.26,106.23,10.765909046753057,0.20499660121909893
LZ_HOUSTON,2016-05,19.903991935483887,3.03,76.88,10.639855925260369,0.15825481517933976
LZ_HOUSTON,2016-06,29.915083333333325,4.32,174.68,22.480109378214053,0.17451550250970246
LZ_HOUSTON,2016-07,29.91186827956986,10.06,106.26,15.655496426994185,0.12803811716364916
LZ_HOUSTON,2016-08,33.56354838709678,13.49,285.0,34.75633864422278,0.16411123657913881
LZ_HOUSTON,2016-09,29.032680555555544,11.48,214.55,17.38997939866896,0.11766376312551033
LZ_HOUSTON,2016-10,28.545819892473133,3.98,287.59,19.49473507624442,0.17327692044380932
LZ_HOUSTON,2016-11,20.437680555555556,3.06,54.65,7.571880876577428,0.1596336383920723
LZ_HOUSTON,2016-12,25.736841397849467,2.91,143.23,11.349051286814552,0.18393192387297175
LZ_HOUSTON,2017-01,24.827365591397836,3.0,96.36,7.946976082218842,0.16840428329275325
LZ_HOUSTON,2017-02,23.517217261904765,4.52,60.22,8.849387367235073,0.15152391306902074
LZ_HOUSTON,2017-03,28.742005383580064,6.81,152.46,15.08717262375382,0.1294727484513469
LZ_HOUSTON,2017-04,32.96706944444447,10.74,147.81,16.99126586220632,0.1298472788444104
LZ_HOUSTON,2017-05,32.36264784946243,4.99,109.86,15.906692890509005,0.1591889680909464
LZ_HOUSTON,2017-06,33.668916666666625,15.43,139.24,19.392458894323095,0.12739399296495807
LZ_HOUSTON,2017-07,34.72583333333334,16.72,311.81,23.443061415065706,0.13200906118187813
LZ_HOUSTON,2017-08,30.031478494623677,16.61,101.75,14.431593938247438,0.09804598839350591
LZ_HOUSTON,2017-09,27.41002777777777,8.33,84.99,12.571637692402952,0.11863581725469952
LZ_HOUSTON,2017-10,31.339381720430104,4.41,274.2,26.117447047199036,0.18271867763941635
LZ_HOUSTON,2017-11,26.33962499999996,4.82,131.01,12.833731620771015,0.14606369793386415
LZ_HOUSTON,2017-12,21.979784946236585,6.29,68.39,5.791050547258558,0.12762885220055895
LZ_HOUSTON,2018-01,38.044986559139794,6.18,1638.04,86.06439847614332,0.19153026727684497
LZ_HOUSTON,2018-02,22.375848214285735,5.1,72.15,7.394902533647276,0.16388526982103752
LZ_HOUSTON,2018-03,23.933458950201892,8.01,71.42,9.109086945117879,0.14507270334474257
LZ_HOUSTON,2018-04,24.728347222222226,8.41,59.21,7.916439430638188,0.12038350055992643
LZ_HOUSTON,2018-05,35.53303763440861,8.42,550.1,39.481066033580895,0.194212456121114
LZ_HOUSTON,2018-06,31.80234722222222,15.81,119.76,16.793934932973706,0.11200437907556392
LZ_HOUSTON,2018-07,79.56653225806457,9.95,2060.38,233.56038682651968,0.3473515242040375
LZ_HOUSTON,2018-08,32.159623655913954,13.48,151.05,18.890233331961976,0.12458548395616956
LZ_HOUSTON,2018-09,27.722416666666632,15.14,92.18,10.886969613459708,0.08469418480643706
LZ_HOUSTON,2018-10,31.781115591397857,12.74,101.62,11.51412697597704,0.10172328375627489
LZ_HOUSTON,2018-11,31.730333333333313,10.05,105.13,12.015058303485738,0.13073060097040884
LZ_HOUSTON,2018-12,30.462069892473117,6.88,116.52,9.911598247922354,0.14649882998575353
LZ_HOUSTON,2019-01,25.55008064516131,8.85,75.06,7.847312987516133,0.12951059321055172
LZ_HOUSTON,2019-02,21.644255952380963,5.51,57.43,6.7294652518030995,0.14844956595513187
LZ_HOUSTON,2019-03,28.080323014804854,8.22,651.84,32.70861948439229,0.1666499251698239
LZ_HOUSTON,2019-04,24.264583333333338,5.44,107.4,12.1576581676325,0.15204797509589466
LZ_HOUSTON,2019-05,25.153615591397852,9.58,68.56,9.234248133566338,0.10007672310413242
LZ_HOUSTON,2019-06,27.2267361111111,10.0,113.57,15.762967614787568,0.11931906399147185
LZ_HOUSTON,2019-07,30.013064516129045,11.35,274.79,26.872544946248762,0.1545744606143126
LZ_HOUSTON,2019-08,126.69338709677426,10.33,3500.0,401.4687410183907,0.46744309617727475
LZ_HOUSTON,2019-09,80.77929166666665,7.97,5011.62,380.59549300850244,0.32088176926874995
LZ_HOUSTON,2019-10,30.642379032258074,9.62,872.98,55.33192773650525,0.19015274982943742
LZ_HOUSTON,2019-11,24.18161111111111,3.8,199.8,14.472697576733287,0.19646984751648253
LZ_HOUSTON,2019-12,18.919852150537647,3.8,59.5,6.8774072632437315,0.1567675986405019
LZ_LCRA,2016-01,19.31745967741934,5.47,55.4,5.497980113470416,0.1307697958489281
LZ_LCRA,2016-02,15.488548850574706,2.37,51.55,5.732980295709338,0.18004341062490287
LZ_LCRA,2016-03,16.79629878869449,1.34,66.31,7.398862184113164,0.18974787690611605
LZ_LCRA,2016-04,18.39270833333334,1.15,92.5,9.68222846298248,0.20343880553929755
LZ_LCRA,2016-05,18.18278225806455,2.78,73.75,8.005227459392776,0.1428690074879673
LZ_LCRA,2016-06,24.16441666666668,4.64,109.44,11.121200540738204,0.12429514813562502
LZ_LCRA,2016-07,27.592217741935475,9.31,99.41,12.674735854902684,0.11862019978776132
LZ_LCRA,2016-08,31.175577956989258,13.43,237.06,28.982726116162144,0.1533316426402645
LZ_LCRA,2016-09,27.03994444444444,11.0,199.29,15.735525242461987,0.11107041079072669
LZ_LCRA,2016-10,26.068440860215063,3.33,281.6,16.98477508373953,0.16585102570737836
LZ_LCRA,2016-11,19.541680555555562,2.88,48.94,6.456588603352815,0.15399306994993073
LZ_LCRA,2016-12,25.487876344086036,2.58,142.23,11.374799922493047,0.18570065307641917
LZ_LCRA,2017-01,23.43627688172043,1.9,97.26,7.6060741281746065,0.17734948690947083
LZ_LCRA,2017-02,20.660818452380937,3.1,53.1,6.89761444429398,0.15826375821694247
LZ_LCRA,2017-03,23.437133243607,5.15,69.81,8.228481795575645,0.11963291009089158
LZ_LCRA,2017-04,24.477416666666684,8.91,88.04,8.468541080492493,0.10475605335491714
LZ_LCRA,2017-05,25.637956989247325,4.45,67.39,8.654821736633204,0.12453253058061825
LZ_LCRA,2017-06,28.639083333333343,14.97,91.27,12.48570018194333,0.10115291287586865
LZ_LCRA,2017-07,31.905712365591352,16.84,265.38,18.70555943379993,0.11682689439621378
LZ_LCRA,2017-08,27.678010752688152,16.63,90.36,11.266243870522516,0.0875872225582346
LZ_LCRA,2017-09,24.813430555555563,8.63,61.55,8.36801241320809,0.09318835362530144
LZ_LCRA,2017-10,24.484260752688193,4.56,115.0,11.120629550803761,0.13008375601160546
LZ_LCRA,2017-11,23.047124999999994,3.11,88.12,8.542414682479478,0.14723922720854118
LZ_LCRA,2017-12,21.11766129032256,4.65,58.16,5.448681533955953,0.1356591654794716
LZ_LCRA,2018-01,38.99256720430111,5.87,1669.26,88.49319955468225,0.19786677012128784
LZ_LCRA,2018-02,21.76224702380953,4.3,75.49,7.760105867864696,0.1742473949972672
LZ_LCRA,2018-03,22.051305518169595,4.24,70.23,8.31038390438966,0.16078431866015225
LZ_LCRA,2018-04,22.644027777777783,5.1,51.83,7.626581791236535,0.13317387496302643
LZ_LCRA,2018-05,34.73540322580648,7.35,537.05,39.21426529375477,0.1949158979397008
LZ_LCRA,2018-06,30.365555555555577,16.02,114.7,14.43894523874509,0.10359721087646685
LZ_LCRA,2018-07,79.06994623655915,10.06,2062.63,233.30198042101668,0.34839484231892726
LZ_LCRA,2018-08,31.807970430107524,14.28,149.58,18.49956526481127,0.1225404765700556
LZ_LCRA,2018-09,27.18726388888886,15.12,89.58,10.323972461463866,0.08345931697991898
LZ_LCRA,2018-10,30.06987903225809,10.92,95.98,10.14673312555734,0.10284425084810914
LZ_LCRA,2018-11,30.515805555555563,8.38,106.34,11.796913856628777,0.1399542279177773
LZ_LCRA,2018-12,30.582661290322633,6.56,122.66,10.628820081578906,0.15085586605777032
LZ_LCRA,2019-01,24.936303763440858,6.28,76.43,8.097452745325866,0.13961933032230292
LZ_LCRA,2019-02,21.66697916666667,5.53,56.92,6.878219361958409,0.1480932551144946
LZ_LCRA,2019-03,27.649313593539745,6.58,692.67,35.1995486438444,0.172217898235888
LZ_LCRA,2019-04,23.31476388888888,4.46,107.21,12.368357309323674,0.16357940273674934
LZ_LCRA,2019-05,24.50868279569892,9.06,66.1,8.514166573914975,0.09730287580583255
LZ_LCRA,2019-06,24.51954166666666,11.18,101.6,13.153803352145436,0.10821144344190743
LZ_LCRA,2019-07,29.74791666666666,11.36,274.7,26.81774614012361,0.1543890355079188
LZ_LCRA,2019-08,126.67076612903215,10.31,3503.28,401.7273081817835,0.46802349071423577
LZ_LCRA,2019-09,82.46723611111106,8.0,5011.71,380.7590425121879,0.32230701038994586
LZ_LCRA,2019-10,29.015806451612917,7.78,851.35,53.564423486241,0.1966975486171708
LZ_LCRA,2019-11,24.485222222222248,4.14,207.11,14.724647827239298,0.19529766654905345
LZ_LCRA,2019-12,19.456881720430097,3.75,84.34,7.255990866381833,0.15671503797010078
LZ_NORTH,2016-01,19.187997311827974,5.08,56.21,5.532815832010709,0.13185102593538134
LZ_NORTH,2016-02,15.46221264367817,2.28,51.39,5.72711950556094,0.1816631087996523
LZ_NORTH,2016-03,17.461507402422594,1.48,62.31,7.446999713492799,0.1881644282051956
LZ_NORTH,2016-04,19.08763888888888,1.57,90.61,9.793125443963824,0.19407102400817133
LZ_NORTH,2016-05,18.182889784946234,4.18,76.8,7.86262678641513,0.13087600053549558
LZ_NORTH,2016-06,23.562680555555552,3.64,104.06,11.062601504781114,0.12989366038280004
LZ_NORTH,2016-07,27.415779569892457,9.05,101.55,12.339122952872147,0.12063657474620075
LZ_NORTH,2016-08,30.148575268817243,13.37,227.06,26.10430386099207,0.147903397499925
LZ_NORTH,2016-09,26.605861111111107,10.73,201.47,14.90166613165987,0.10829209422709986
LZ_NORTH,2016-10,24.532661290322583,2.85,273.64,16.034106142812696,0.16860904339317753
LZ_NORTH,2016-11,18.830513888888877,2.0,50.24,6.250940703599587,0.1643342210601574
LZ_NORTH,2016-12,25.28624999999999,3.43,140.29,11.070745441320293,0.178660151699351
LZ_NORTH,2017-01,23.603024193548404,2.91,96.68,7.536311693229165,0.16510289153774285
LZ_NORTH,2017-02,19.550014880952375,4.39,51.83,6.023653240387756,0.1436321512740999
LZ_NORTH,2017-03,21.839407806191105,5.34,64.71,7.067790149708486,0.11889632877876495
LZ_NORTH,2017-04,21.975805555555546,7.13,62.41,6.617664494044784,0.10840984769340271
LZ_NORTH,2017-05,24.557513440860216,5.22,72.98,8.001947903825616,0.113122723394563
LZ_NORTH,2017-06,26.893736111111114,15.46,80.74,10.269483673647457,0.08932256424712486
LZ_NORTH,2017-07,31.186841397849467,16.47,254.01,17.4439006249704,0.11176144019524338
LZ_NORTH,2017-08,27.060362903225812,16.62,86.53,10.529417676731137,0.08397424428961019
LZ_NORTH,2017-09,23.968402777777758,8.29,56.01,8.103816548207522,0.09299183563458387
LZ_NORTH,2017-10,21.938427419354845,1.89,85.01,8.636464281722931,0.14590107733928986
LZ_NORTH,2017-11,22.263166666666674,3.21,70.4,7.878656117975508,0.151202141869689
LZ_NORTH,2017-12,21.4081317204301,6.28,58.74,5.243574354344972,0.12656404543943386
LZ_NORTH,2018-01,37.728521505376335,6.32,1664.01,87.76979241169171,0.1932336978703182
LZ_NORTH,2018-02,21.84046130952379,5.84,74.29,7.579751376820836,0.1618934881427967
LZ_NORTH,2018-03,22.640551816958272,7.89,70.07,8.388701044899271,0.13984106063264973
LZ_NORTH,2018-04,24.36688888888891,8.91,58.24,7.779202510434243,0.11548116436632135
LZ_NORTH,2018-05,37.451881720430116,9.54,557.83,40.89663061155096,0.19136499377187657
LZ_NORTH,2018-06,31.301611111111136,15.26,122.97,16.441007465142178,0.11074805698488009
LZ_NORTH,2018-07,79.84618279569887,9.8,2079.81,235.3684164956285,0.34802693839117194
LZ_NORTH,2018-08,31.97158602150531,11.92,151.52,19.077278619523025,0.12959270020423225
LZ_NORTH,2018-09,27.885847222222214,13.94,91.58,12.013980791934749,0.09049666765237446
LZ_NORTH,2018-10,31.64541666666666,9.59,95.95,11.415393144070517,0.11116366695707458
LZ_NORTH,2018-11,31.97412499999999,9.21,124.07,12.307011720189276,0.13963063348173982
LZ_NORTH,2018-12,31.131948924731233,6.87,121.19,10.753266871853736,0.14767018366871057
LZ_NORTH,2019-01,24.36783602150537,5.13,75.38,8.35348452176956,0.1444873936241215
LZ_NORTH,2019-02,20.85114583333333,4.36,56.78,7.117460637617199,0.15761049216008033
LZ_NORTH,2019-03,28.594037685060574,9.11,681.29,34.436240522205075,0.16250566571805897
LZ_NORTH,2019-04,23.718430555555557,6.62,103.76,11.928849097374748,0.1464431147103836
LZ_NORTH,2019-05,24.011451612903222,10.12,67.8,8.738728285557322,0.09676065363910635
LZ_NORTH,2019-06,25.20791666666667,8.21,101.28,13.618453889307247,0.11781675129475395
LZ_NORTH,2019-07,29.834946236559162,11.22,274.89,26.95512572699439,0.1557612010958171
LZ_NORTH,2019-08,126.60091397849466,10.08,3501.54,401.6319106504488,0.46874287442395013
LZ_NORTH,2019-09,80.7741527777778,7.81,5010.51,380.75896920184806,0.3217967142166824
LZ_NORTH,2019-10,28.732943548387126,6.21,863.71,54.425610973295136,0.21007590121390957
LZ_NORTH,2019-11,24.153611111111104,3.67,218.41,15.742828193014061,0.20206916208109077
LZ_NORTH,2019-12,19.006801075268804,4.07,59.99,7.1423652719346284,0.1595609459811456
LZ_RAYBN,2016-01,19.447943548387116,5.08,57.38,5.871734395366461,0.13371648515425244
LZ_RAYBN,2016-02,15.400431034482773,2.32,53.35,5.753466127110898,0.18066633012640387
LZ_RAYBN,2016-03,17.11724091520861,1.86,61.55,7.327291215387108,0.18039680364350702
LZ_RAYBN,2016-04,18.855361111111097,1.45,90.56,9.706044207969224,0.1958673932284766
LZ_RAYBN,2016-05,18.320994623655913,4.31,75.95,7.887065178197741,0.12939850613946133
LZ_RAYBN,2016-06,23.315944444444447,3.65,100.54,10.57341688323208,0.12817246251553846
LZ_RAYBN,2016-07,27.471075268817224,9.03,101.88,12.383051616960072,0.12184016451125322
LZ_RAYBN,2016-08,30.149758064516142,13.37,226.86,26.110015883114468,0.14849481824590072
LZ_RAYBN,2016-09,26.470263888888894,10.72,200.59,14.818330548217851,0.10813783314033446
LZ_RAYBN,2016-10,24.452513440860198,3.14,274.16,15.968735318472168,0.16571618900688279
LZ_RAYBN,2016-11,18.87531944444443,2.9,47.33,6.182334306537091,0.15537242394956227
LZ_RAYBN,2016-12,25.31955645161287,4.44,138.15,10.848662138407192,0.17049367952821118
LZ_RAYBN,2017-01,23.39010752688172,2.43,96.42,7.1744552075704355,0.16406531699798
LZ_RAYBN,2017-02,20.36915178571431,5.62,51.8,5.358349282109905,0.13015678166134023
LZ_RAYBN,2017-03,21.90716016150739,6.77,64.19,6.549950608642893,0.10722779509942272
LZ_RAYBN,2017-04,22.21343055555554,8.2,61.88,5.862581020851394,0.10058892528224751
LZ_RAYBN,2017-05,24.001330645161307,6.21,62.63,6.8500959884287855,0.10328705208437755
LZ_RAYBN,2017-06,26.125041666666643,15.69,74.59,9.20568054949477,0.08552341547577415
LZ_RAYBN,2017-07,30.760497311827933,16.47,248.41,16.831198028483204,0.11049040129906211
LZ_RAYBN,2017-08,26.824825268817232,16.6,85.93,10.25467621902543,0.08366480902287254
LZ_RAYBN,2017-09,23.535680555555558,8.29,54.32,7.5494885813145585,0.09050830448107997
LZ_RAYBN,2017-10,21.379932795698938,2.04,75.15,7.829634966596323,0.140822099323624
LZ_RAYBN,2017-11,21.82918055555556,3.86,70.1,7.445188047172326,0.1465331283100881
LZ_RAYBN,2017-12,21.31260752688172,7.81,59.25,4.8551318940350345,0.1166859413897306
LZ_RAYBN,2018-01,39.37014784946231,7.82,1709.15,90.3740915606654,0.18735812618187053
LZ_RAYBN,2018-02,22.403169642857126,7.42,94.77,7.724018064781317,0.15962629789743568
LZ_RAYBN,2018-03,23.805706594885592,11.42,69.95,7.764584538226349,0.1252678118756733
LZ_RAYBN,2018-04,27.19887500000002,12.36,62.64,7.927631488254261,0.10080524697013332
LZ_RAYBN,2018-05,40.951250000000016,11.51,572.62,43.408986053254004,0.18742878264506346
LZ_RAYBN,2018-06,31.945583333333342,15.64,125.33,17.458837477249848,0.11472696297102873
LZ_RAYBN,2018-07,84.90190860215051,9.8,2234.47,250.62476031998636,0.3448845325857798
LZ_RAYBN,2018-08,32.51872311827957,12.2,158.9,20.634102764280655,0.13791262836429055
LZ_RAYBN,2018-09,27.680888888888877,13.93,90.56,11.823806754293665,0.09130291949156179
LZ_RAYBN,2018-10,30.624959677419376,13.12,94.29,10.702267190328262,0.10254082351953786
LZ_RAYBN,2018-11,33.45244444444446,12.67,124.27,11.735302215008215,0.1292416322387193
LZ_RAYBN,2018-12,31.55353494623656,7.83,116.72,10.034378429938949,0.14020792592290626
LZ_RAYBN,2019-01,24.411491935483873,6.49,74.86,8.06081409545563,0.13722142714337857
LZ_RAYBN,2019-02,21.066279761904763,4.7,57.29,6.8440853857995085,0.15172197459188994
LZ_RAYBN,2019-03,29.809798115747,12.38,682.64,34.219993845706,0.15425663626213068
LZ_RAYBN,2019-04,24.998305555555564,7.34,113.75,11.764075316688293,0.14340611541065346
LZ_RAYBN,2019-05,24.788158602150553,11.72,67.79,8.999232252081152,0.0941366992060679
LZ_RAYBN,2019-06,25.458513888888895,8.78,101.41,13.654010843479432,0.11609933846560849
LZ_RAYBN,2019-07,30.02971774193554,11.21,279.33,27.165856941493935,0.15623002288027227
LZ_RAYBN,2019-08,126.89788978494644,10.38,3503.7,401.92926038841136,0.465489411642353
LZ_RAYBN,2019-09,80.69863888888884,7.81,5012.22,380.90820213982505,0.32226523605129875
LZ_RAYBN,2019-10,28.554381720430126,7.43,850.07,52.13279002555603,0.20485241807526236
LZ_RAYBN,2019-11,24.517569444444426,4.57,222.55,15.818155791296599,0.20346829242376324
LZ_RAYBN,2019-12,19.08506720430106,4.69,60.53,7.1014353558922325,0.15522150869967608
LZ_SOUTH,2016-01,19.48172043010753,5.06,58.16,5.7107206445197045,0.13437468608842387
LZ_SOUTH,2016-02,15.935862068965523,1.59,52.27,6.3290566520365985,0.19516063717595175
LZ_SOUTH,2016-03,19.521144010767156,0.56,100.0,12.325023585024741,0.21738736411868806
LZ_SOUTH,2016-04,20.73800000000002,1.04,120.0,13.178488937715967,0.2207717808235143
LZ_SOUTH,2016-05,20.69174731182796,2.76,100.0,12.251857833053956,0.16653766695215355
LZ_SOUTH,2016-06,27.47165277777775,4.94,141.69,15.831815212576402,0.1541901112777164
LZ_SOUTH,2016-07,28.88958333333334,9.49,106.32,13.87880291491504,0.12055910559829919
LZ_SOUTH,2016-08,31.82330645161287,13.43,240.28,29.399207615742835,0.15251054928982968
LZ_SOUTH,2016-09,28.76201388888887,11.16,206.79,16.323961737728617,0.11363105690551578
LZ_SOUTH,2016-10,30.03103494623656,3.68,290.71,24.114392906026747,0.1832585370189042
LZ_SOUTH,2016-11,20.633388888888888,2.81,59.68,7.707285909666224,0.15690127424341793
LZ_SOUTH,2016-12,26.32684139784947,2.59,148.13,12.181573627385518,0.18665105890228295
LZ_SOUTH,2017-01,25.15548387096773,1.85,142.48,10.779406305725368,0.17854517335777415
LZ_SOUTH,2017-02,21.793690476190488,3.22,54.63,7.831157785521079,0.16050465283819357
LZ_SOUTH,2017-03,26.528209959623116,4.69,94.55,10.897196845177307,0.12954474852384498
LZ_SOUTH,2017-04,28.549888888888887,10.5,119.88,12.735671759879724,0.11043316199940166
LZ_SOUTH,2017-05,29.979731182795668,5.34,94.72,12.986261015518352,0.13685581736040442
LZ_SOUTH,2017-06,36.783444444444456,15.65,150.0,22.435838620397607,0.13156310657537865
LZ_SOUTH,2017-07,34.19329301075271,17.34,276.3,20.840197731710752,0.12228948144751971
LZ_SOUTH,2017-08,33.45784946236564,16.66,139.11,19.499532456662955,0.11572837044586202
LZ_SOUTH,2017-09,28.33034722222221,8.84,84.54,10.499658158101534,0.10157519411035
LZ_SOUTH,2017-10,28.464018817204334,4.52,129.79,13.227929173038126,0.13924310677172863
LZ_SOUTH,2017-11,27.86572222222222,8.04,109.23,11.206479376065497,0.12163967279042115
LZ_SOUTH,2017-12,25.40422043010751,7.07,99.02,7.9141182045369245,0.12770036863828663
LZ_SOUTH,2018-01,46.13256720430113,6.56,1709.82,93.31581643122978,0.1821495904638326
LZ_SOUTH,2018-02,25.197038690476194,4.14,79.89,9.15876691136978,0.17570769589881974
LZ_SOUTH,2018-03,26.759973082099577,8.31,76.2,10.31703426165426,0.13662862878688636
LZ_SOUTH,2018-04,28.186972222222227,8.32,63.43,9.605147553595849,0.12394363753633582
LZ_SOUTH,2018-05,41.27442204301073,11.8,556.94,41.38933791209338,0.1778480988137919
LZ_SOUTH,2018-06,32.258680555555515,16.3,124.6,15.824630844733246,0.10327592474449909
LZ_SOUTH,2018-07,80.44756720430111,10.11,2068.16,234.40094203188028,0.345924989215991
LZ_SOUTH,2018-08,33.690631720430126,15.79,151.59,21.41867258099858,0.12946269612030897
LZ_SOUTH,2018-09,28.383763888888897,16.0,91.31,11.343294717518605,0.08669393066006899
LZ_SOUTH,2018-10,32.12697580645161,16.13,100.1,12.027293976526847,0.0961791868383012
LZ_SOUTH,2018-11,33.54448611111104,10.49,120.91,13.681769776384673,0.13799988491515305
LZ_SOUTH,2018-12,32.11272849462366,7.62,125.61,11.133697976599084,0.1451004925879827
LZ_SOUTH,2019-01,27.057903225806513,7.6,123.19,9.207961381226527,0.1410530823127555
LZ_SOUTH,2019-02,23.72895833333334,6.44,61.77,7.5112400295933766,0.1455480684503895
LZ_SOUTH,2019-03,30.529488559892318,7.37,721.89,37.10900275838605,0.1693009001530449
LZ_SOUTH,2019-04,27.14783333333334,4.0,134.58,14.693139289126757,0.17046868799259982
LZ_SOUTH,2019-05,27.210994623655925,10.73,87.14,10.367489242585496,0.10046050433374605
LZ_SOUTH,2019-06,27.259597222222187,11.71,123.14,14.759030011321768,0.10830034120757918
LZ_SOUTH,2019-07,31.13216397849467,11.68,279.97,27.666057981228903,0.15214910636544332
LZ_SOUTH,2019-08,127.1090188172042,11.0,3499.67,400.7683351369348,0.46351247991723166
LZ_SOUTH,2019-09,81.00911111111105,8.37,4996.6,378.74939830966315,0.31656091867810554
LZ_SOUTH,2019-10,32.94211021505377,6.93,846.41,53.66005568414483,0.1983352957912488
LZ_SOUTH,2019-11,25.80370833333333,5.53,195.9,14.772221026154087,0.18334588499464174
LZ_SOUTH,2019-12,19.786881720430113,3.46,77.45,7.023225109320714,0.15585146170045333
LZ_WEST,2016-01,19.51926075268816,4.47,56.26,5.972367020222798,0.13902734904651112
LZ_WEST,2016-02,15.044482758620699,-0.86,51.61,6.097312323786853,0.33439037234792424
LZ_WEST,2016-03,16.00265141318978,0.46,60.97,7.447474696074764,0.21695426344039326
LZ_WEST,2016-04,17.153666666666663,0.33,91.7,9.379291805382456,0.24323570240626008
LZ_WEST,2016-05,17.737526881720434,1.43,73.98,8.085380793131266,0.16445497603393233
LZ_WEST,2016-06,23.48876388888888,3.76,107.61,10.783790816173296,0.12647721637940654
LZ_WEST,2016-07,27.178790322580664,9.05,115.9,12.888030029845085,0.12064479957284914
LZ_WEST,2016-08,30.01056451612905,13.37,226.91,25.763811703429568,0.14799364682550534
LZ_WEST,2016-09,26.767666666666685,10.69,204.46,15.181201137700208,0.10746458798791678
LZ_WEST,2016-10,25.182258064516123,1.5,285.76,17.138519624553346,0.18024289783528155
LZ_WEST,2016-11,19.343138888888898,0.97,60.38,7.035390776231643,0.18070880756526794
LZ_WEST,2016-12,25.165819892473102,0.37,139.73,11.654195202333176,0.22135629038466323
LZ_WEST,2017-01,23.231370967741938,0.47,97.97,9.296835291406914,0.24056212122711834
LZ_WEST,2017-02,18.47705357142856,-3.67,72.56,9.104210009101466,0.33028022000686263
LZ_WEST,2017-03,20.251197846567983,0.09,65.3,8.4654751224255,0.25387862315049037
LZ_WEST,2017-04,20.388569444444446,0.1,69.22,8.180402633204926,0.23267060895729225
LZ_WEST,2017-05,22.86779569892472,1.38,57.71,7.553185185074927,0.16468114144328905
LZ_WEST,2017-06,27.51231944444447,11.19,79.92,10.623585853794635,0.0989954397378147
LZ_WEST,2017-07,31.130174731182798,16.63,240.72,16.884863660414933,0.10788036183426652
LZ_WEST,2017-08,27.213911290322564,16.64,86.65,10.571351807051883,0.08900682191863843
LZ_WEST,2017-09,27.011777777777755,8.08,83.61,10.999813244365113,0.09764484908064433
LZ_WEST,2017-10,22.173319892473113,1.83,72.46,8.3538567990116,0.14891669403368357
LZ_WEST,2017-11,22.152916666666673,0.27,75.19,8.749763793752,0.2083438445910819
LZ_WEST,2017-12,21.87225806451613,-1.49,64.7,7.4893980163052785,0.29947875965924065
LZ_WEST,2018-01,37.29330645161292,0.65,1670.78,88.79467993492517,0.2528911602859847
LZ_WEST,2018-02,22.12410714285712,2.33,74.96,8.27193236634894,0.19142519543910336
LZ_WEST,2018-03,22.30162853297446,0.4,79.53,10.906822163961124,0.28159099535239346
LZ_WEST,2018-04,21.128125000000004,-3.54,60.13,12.4328603677733,0.37820603564772476
LZ_WEST,2018-05,49.600120967741965,1.15,560.42,42.8080971839155,0.279996277253485
LZ_WEST,2018-06,57.96752777777783,22.77,137.0,20.756347046082528,0.1282858987462747
LZ_WEST,2018-07,101.47096774193538,13.15,2151.82,238.70516348224731,0.32220367433258323
LZ_WEST,2018-08,33.28985215053763,11.08,153.14,19.295431194581802,0.13513354331926908
LZ_WEST,2018-09,27.10109722222224,13.2,87.2,10.436557699967407,0.08694685369136329
LZ_WEST,2018-10,30.004556451612874,3.1,97.94,10.901438163956604,0.13225645977439182
LZ_WEST,2018-11,31.22402777777777,1.91,147.71,15.925374200333438,0.2008084648217486
LZ_WEST,2018-12,34.98084677419353,3.05,131.59,15.254886045873544,0.18597476709516386
LZ_WEST,2019-01,27.461532258064498,0.44,99.02,13.478233579426092,0.20809934195604013
LZ_WEST,2019-02,22.798958333333317,2.99,67.26,9.30528570132901,0.18475413397134924
LZ_WEST,2019-03,31.282960969044446,2.25,698.52,37.278903319844055,0.21442895347847576
LZ_WEST,2019-04,21.699236111111095,0.69,112.83,14.623148227684055,0.25015215055247697
LZ_WEST,2019-05,28.8519892473118,7.36,78.96,9.73739944002132,0.11229001817680875
LZ_WEST,2019-06,32.02677777777779,12.25,111.92,14.086746131905784,0.11723654655833887
LZ_WEST,2019-07,32.07568548387098,11.03,281.09,27.340318534436896,0.1586118173857613
LZ_WEST,2019-08,128.87646505376352,9.12,3505.6,402.11414618227036,0.46265477769174984
LZ_WEST,2019-09,83.471138888889,6.59,5015.25,380.4539186098984,0.32352548934164144
LZ_WEST,2019-10,49.38336021505375,0.79,873.07,62.396856020024586,0.30160874573771235
LZ_WEST,2019-11,49.34084722222219,3.6,286.91,31.876125870829338,0.24131624686989692
LZ_WEST,2019-12,39.502594086021524,7.32,195.71,27.975861973386774,0.23973744326522572
